Keyword,Description,Headline,Location,Sitelink,Callout,Url
project software,"Project + Artwork Management Tool | 100% cloud-based, no download needed.",Efficient Teamwork Starts Here,"USA, Canada","See Our Features

D: Integrations - Automations - Version Control - Audit Trail",Start in Minutes,https://twonas.com/services/ams/?source=genesis
pm software,"Free plans available. Integrate with your other tools, no coding necessary.",#1 Artwork Management Tool,"Australia, New Zealand","Free Plans Available

D: Three Plans, All Company Sizes. Access Today.",No Download Necessary,https://twonas.com/services/ams/why/?source=genesis
project plan tool,The Newest Tech in Artwork Management. Simple & Powerful. 100% Cloud-Based Tool.,Artwork Management Made Easy,"United Kingdom, Ireland","See Pricing

D:See All of Our Plans and See What's Right for You.",Free Plans Available,https://twonas.com/services/ams/features/?source=genesis
packaging design software,"Plan, Track, and Collaborate Using the Software Packaging Teams of All Sizes Love.",Change The Way You Manage Art,"Norway, Sweden, Finland, Denmark, Iceland","Free Project Manager

D: From Basic Projects to Complex Portfolio Management.",For Teams of 3 and Up,https://twonas.com/services/ams/pricing/?source=genesis
workflow management software,"Set for Success with Easy Integrations. Perfect Management for Pharma, Food, Retail.",Shape Your Workflow in Minutes,"Spain, France, Italy, Portugal","Free Workflow Manager

D: Plans Built for Teams of All Sizes. Try for Free.",Easy to Use,https://twonas.com/services/ams/contact/?source=genesis
artwork management software,Quality Revision Software | Make Your Packaging Error-Free.,Efficient Teamwork Starts Here,"Netherlands, Belgium","Graphic & Text Comparison

D: List Differences with Side by Side Comparison. Start Now.",Make Things Easy,
digital asset management system,Simplest Artwork Management Tool. No Set-up Time. Start Online Now.,Free Options Available Today,"Germany, Austria, Switzerland, Luxembourg","Version Control System

D: Everything You Need for Smart Artwork Management. See Now. ",Collaborate Online,
manage artworks,All-Inclusive Software Solution for Packaging Design and Management.,Quality Revision Software,"Germany, Austria","Ready Made Templates

D: Get Started in Minutes with Custom Worklow Templates for All Teams",All-In-One Tool,
Esko,"Font detection, multi-language support, side by side comparison. PDF, Word, PNG, and more.",Make Packaging Error-Free,"Norway, Sweden, Finland","Pre-Built Workflows

D: Map Out Your Project to See How Your Tasks Connect",Collaborate At Scale,
Global Vision,In charge of coordinating artwork approvals? Maintaining version control?,Universal Packaging Management,Spain,"Project Management

D: Quick Project Overview from the Dashboard",Easily Customizable,
blue software,Avoid Reprints with the Easiest Management Tool on the Market. Try Free Today.,Art Management Built for You,France,"Integrations

D: Sync 200+ Apps in One Place to Make Work Easier.",100% Cloud Platform,
packaging design management,"Automatic Archiving, Version Control, and Quality Assurance All in One.","QC, Proofing, and Approvals",Italy,"Pricing & Plans

D: Compare Plans Side-by-Side to Find the Right One for You. Get Started.",Work Anywhere,
ams,"Build, Configure and Automate Workflows in No Time. No Coding. Drag & Drop. ",QA + Design Workflow,"France, Belgium","Twona Integrations

D: Slack - Asana - Google Docs - Trello - Outlook - Zoom - etc.",Free Trial,
artwork management tool,"The proven artwork management tool.
Drag & Drop. Try For Free! Gain Visibility.",End to End Artwork Pipeline,Switzerland,,Connect on Any Device,
version control software,Organize Your Project. Faster time to market. Collaborate and manage approvals online.,Packaging Audit Software,,,,
artwork management process,"Get up and running quickly with pre-built, visual artwork automation workflows.",Build Your Workflow in Minutes,,,,
artwork management solutions,Artwork management automation has never been easier. Get started right now.,Get Productive Faster,,,,
packaging audit software,Proof artworks online as part of your artwork management process.,Automate Your Communications ,,,,
management software,Twona AMS helps launch products to market faster and more accurately. ,Workflow Automation Software,,,,
project management system,"The proven artwork management tool.
Drag & Drop. Try For Free! Gain Visibility.",No Code Workflow,,,,
workflow management,Streamline Business Operations. Improve Efficiency. Save Time & Cost.,Pre-Built Workflows,,,,
approval process workflow,Compare artwork versions. Design files always available.,,,,,
best project management,Embedded quality tools. Store artworks in your library. Full audit trail,,,,,
online project timeline tool,Manage your entire artwork process with a single tool. Approvals and quality checks.,,,,,
workflow solutions,Manage your entire artwork process with a single tool. Approvals and quality checks.,,,,,
project monitoring software,Launch products to market faster and more accurately. Reduce recalls due to misprints.,,,,,
online task management software,,,,,,
project management solution,,,,,,
project timeline app,,,,,,
product packaging design software,,,,,,
digital asset software,,,,,,
multimedia asset management,,,,,,
easy project management,,,,,,
document workflow management software,,,,,,
artwork workflow management software,,,,,,
design asset management,,,,,,
design asset management software,,,,,,
packaging workflow software,,,,,,
pack design management,,,,,,
Packing design management,,,,,,
packaging design management process,,,,,,
